{
  "0": 0.484125,
  "1": 0.484125,
  "2": 0.474231,
  "3": 0.465015,
  "4": 0.474231
}