{
  "0": 0.404349,
  "1": 0.404349,
  "2": 0.39794,
  "3": 0.379551,
  "4": 0.377247,
  "5": 0.447281,
  "6": 0.447281,
  "7": 0.447281,
  "8": 0.447281
}